,0,0
0,0.803353,0.6638502
1,0.5794183,0.54255074
2,0.5307637,0.3792479
3,0.6513673,0.70166636
4,0.26541936,0.24018496
5,0.24239525,0.2508605
6,0.59389526,0.60516006
7,0.26092425,0.24880156
8,0.39875528,0.35746416
9,0.61111325,0.4741889
10,0.5877858,0.71637005
11,0.46969315,0.40930226
12,0.6050676,0.50070465
13,0.48531517,0.52806956
14,0.579315,0.473057
15,0.16939072,0.28223526
16,0.49780253,0.48502192
17,0.5079212,0.5853681
18,0.52117246,0.52104306
19,0.56202394,0.5213699
20,0.38716725,0.47294834
21,0.71123654,0.4374349
22,0.25329837,0.2701642
23,0.630037,0.5748096
24,0.5232091,0.40871006
25,0.5105145,0.5180972
26,0.36137986,0.26572162
27,0.3303115,0.2519512
28,0.6992581,0.6052097
29,0.6524436,0.6241614
30,0.60578924,0.6232103
31,0.53372675,0.4164668
32,0.4948406,0.5531973
33,0.5785114,0.60802865
34,0.6461194,0.5967207
35,0.3384547,0.26832408
36,0.14070785,0.18252474
37,0.5464093,0.43343577
38,0.5234785,0.45760566
39,0.48248115,0.33733374
40,0.6571428,0.5709936
41,0.56528795,0.4586408
42,0.45467427,0.36651847
43,0.36392748,0.29157448
44,0.67535406,0.64490336
45,0.4958091,0.38271323
46,0.74870336,0.5542023
47,0.5826474,0.53838164
48,0.5113118,0.448365
49,0.61033714,0.5677937
50,0.4840429,0.53169435
51,0.52432334,0.3764516
52,0.66021955,0.6078533
53,0.48319218,0.47864342
54,0.48875555,0.44545534
55,0.6457084,0.6803423
56,0.6499619,0.6680788
57,0.38256398,0.34053123
58,0.6207844,0.5425087
59,0.55725086,0.62995946
60,0.58526665,0.49948868
61,0.7518856,0.643831
62,0.45805195,0.4222402
63,0.425383,0.35998476
64,0.40250993,0.3108265
65,0.44354263,0.40932682
66,0.52099085,0.516855
67,0.34613094,0.31726846
68,0.63415366,0.5798678
69,0.5893718,0.60786384
70,0.5653426,0.44264057
71,0.69458956,0.67232406
72,0.71293944,0.5973884
73,0.69243884,0.65889275
74,0.64395314,0.64062893
75,0.28688216,0.2482428
76,0.68610275,0.5963297
77,0.5511777,0.5835696
78,0.7385654,0.6430571
79,0.53289634,0.40920484
80,0.48337206,0.46746668
81,0.5035362,0.37193972
82,0.43685603,0.48467457
83,0.5399657,0.5738309
84,0.39161256,0.39164552
85,0.6515102,0.5842588
86,0.42506728,0.3657926
87,0.49250898,0.48897102
88,0.7291282,0.6792208
89,0.6650482,0.5828501
90,0.54415435,0.58478355
91,0.6272809,0.5830337
92,0.6102459,0.61596566
93,0.49892232,0.42016044
94,0.45874655,0.5064225
95,0.60278445,0.5843868
96,0.7248919,0.5796479
97,0.536158,0.48518607
98,0.5201404,0.44532683
99,0.50579804,0.36547294
100,0.5505673,0.4571813
101,0.58703357,0.64120305
102,0.68752277,0.64248455
103,0.36116302,0.36659655
104,0.6467486,0.66554785
105,0.51844174,0.5010826
106,0.21921667,0.24433681
107,0.6191001,0.5250822
108,0.61835665,0.5251106
109,0.7190289,0.69293994
110,0.4546701,0.28325555
111,0.39322576,0.33903524
112,0.6078283,0.5706446
113,0.5743105,0.5143592
114,0.34476784,0.4129593
115,0.5563935,0.561421
116,0.3094401,0.31907278
117,0.64301187,0.62446517
118,0.6576273,0.6128654
119,0.62122506,0.4665781
120,0.6240031,0.4570175
121,0.2688261,0.19810134
122,0.42688045,0.32258958
123,0.5132033,0.34427997
124,0.5782376,0.53764886
125,0.81110924,0.6653819
126,0.7855267,0.836902
127,0.45212668,0.42414704
128,0.59765726,0.59278023
129,0.5713297,0.53952086
130,0.45774385,0.38970023
131,0.5971802,0.6061102
132,0.43236902,0.40173963
133,0.4957275,0.5198852
134,0.41830403,0.4496198
135,0.58780855,0.47952232
136,0.6425217,0.5375485
137,0.42130548,0.35316184
138,0.507803,0.5823239
139,0.39617643,0.3640434
140,0.6791778,0.6346852
141,0.5482624,0.5201892
142,0.6519668,0.54526514
143,0.40286943,0.35861617
144,0.2867682,0.32896015
145,0.48105848,0.33625296
146,0.39823517,0.2660642
147,0.57292503,0.5390334
148,0.48625588,0.52120125
149,0.59477746,0.53386444
150,0.5475144,0.4753751
151,0.5187165,0.4766352
152,0.6100241,0.51426464
153,0.6403654,0.5051331
154,0.01339275,-0.018745758
155,0.51254076,0.4103053
156,0.5366798,0.57085836
157,0.43225482,0.52396756
158,0.5655912,0.5387263
159,0.47760907,0.5064686
160,0.67397815,0.6324344
161,0.4584215,0.35429433
162,0.4795059,0.38694838
163,0.38683102,0.54951775
164,0.8484407,0.79942137
165,0.36884454,0.30388314
166,0.7084469,0.60013103
167,0.67113745,0.5870892
168,0.7448556,0.6806337
169,0.5297351,0.4731125
170,0.6153825,0.55429804
171,0.6959514,0.67114
172,0.60524005,0.5113351
173,0.6853251,0.6044542
174,0.54747874,0.45815596
175,0.5219325,0.42276427
176,0.2581386,0.34565118
177,0.47815672,0.35311
178,0.34539816,0.38167343
179,0.79152495,0.6796175
180,0.57045585,0.5144966
181,0.7786924,0.69835645
182,0.47804043,0.42229113
183,0.7218867,0.72862923
184,0.66899914,0.64614207
185,0.56738657,0.5026502
186,0.46997747,0.41948944
187,0.7754223,0.61683244
188,0.7501889,0.8425509
189,0.72279596,0.6406996
190,0.47801504,0.40677792
191,0.5039719,0.44529325
192,0.5101644,0.44841745
193,0.3252799,0.27113423
194,0.5261202,0.5057067
195,0.68994135,0.56266594
196,0.7560138,0.6867526
197,0.40645358,0.32177725
198,0.6315303,0.556668
199,0.47709003,0.4492784
200,0.48304325,0.38860223
201,0.50106937,0.47819284
202,0.69728774,0.5948323
203,0.62609094,0.57545376
204,0.5647188,0.5385614
205,0.76335603,0.6716932
206,0.37697068,0.384365
207,0.5078835,0.41115946
208,0.4622987,0.21676096
209,0.52467823,0.54167676
210,0.594932,0.5479587
211,0.96771973,0.7464602
212,0.4960819,0.46243858
213,0.68595797,0.61569166
214,0.73791665,0.69055164
215,0.7780678,0.7624452
216,0.551855,0.44958857
217,0.17111982,0.11074575
218,0.61160755,0.552173
219,0.5213243,0.4561986
220,0.66004556,0.5658887
221,0.6419761,0.64584124
222,0.43380204,0.34601316
223,0.4688079,0.45449808
224,0.574819,0.52780724
225,0.5172431,0.51883775
226,0.6683895,0.59453225
227,0.53477645,0.41234574
228,0.42374682,0.43393695
229,0.22371477,0.15218464
230,0.6242159,0.6147404
231,0.39396533,0.36021265
232,0.494863,0.3080904
233,0.54328704,0.48626766
234,0.7399022,0.6516224
235,0.60235757,0.44957006
236,0.6231421,0.5395031
237,0.4302067,0.3252665
238,0.50726545,0.5057386
239,0.6007928,0.51559645
240,0.29651657,0.44972876
241,0.4165143,0.35910663
242,0.35893816,0.25317895
243,0.6776437,0.6124601
244,0.6034065,0.555304
245,0.56884015,0.38773468
246,0.4961259,0.44794676
247,0.70155483,0.4745399
248,0.61711186,0.55077934
249,0.57087547,0.68172634
250,0.56763464,0.44107774
251,0.47347447,0.46178958
252,0.59480554,0.5719297
253,0.630675,0.5509241
254,0.6942083,0.73065865
255,0.6239138,0.5941143
256,0.60939986,0.54241085
257,0.6954985,0.67944944
258,0.7086124,0.57463574
259,0.47026423,0.43427223
260,0.51401424,0.34652475
261,0.6521947,0.5527751
262,0.3529699,0.316544
263,0.6945407,0.58677393
264,0.3963264,0.48461774
265,0.6601414,0.5518562
266,0.14624955,0.10191608
267,0.586075,0.48072544
268,0.536687,0.36769208
269,0.43219,0.2883837
270,0.34501824,0.3379976
271,0.80059487,0.78874606
272,0.79028153,0.8186352
273,0.72195745,0.70889676
274,0.6424505,0.53295743
275,0.33044994,0.23630708
276,0.5415115,0.504387
277,0.5951882,0.4747955
278,0.28589386,0.17454976
279,0.6181333,0.49707517
280,0.2741253,0.2424815
281,0.5282826,0.53142345
282,0.59181905,0.58650094
283,0.53233397,0.4946927
284,0.40666246,0.3837739
285,0.41978362,0.27824837
286,0.53437763,0.48571476
287,0.61930203,0.62579596
288,0.6971985,0.6527574
289,0.4392097,0.4632471
290,0.4158067,0.45103538
291,0.56646043,0.583817
292,0.60161144,0.56322706
293,0.75865513,0.56328493
294,0.548423,0.5236651
295,0.5442182,0.4530066
296,0.4841321,0.48230752
297,0.4015099,0.33784428
298,0.38651392,0.38100114
299,0.5687922,0.47235504
300,0.6669436,0.5684452
301,0.5031738,0.49476734
302,0.2787203,0.27749434
303,0.4927961,0.4317716
304,0.529295,0.5230707
305,0.5197543,0.41439
306,0.5925641,0.51343274
307,0.5194584,0.39746857
308,0.6558582,0.46038383
309,0.52122664,0.43649864
310,0.25736347,0.19291118
311,0.35074878,0.30334285
312,0.6887402,0.64105046
313,0.6014802,0.4705179
314,0.632759,0.5293002
315,0.8236845,0.9125229
316,0.51309574,0.41076317
317,0.50111014,0.4998881
318,0.38528994,0.43011013
319,0.5736874,0.39065608
320,0.42372137,0.3949571
321,0.87327695,0.91486037
322,0.60458976,0.4567915
323,0.6892842,0.59942156
324,0.76221156,0.6182802
325,0.33935717,0.40291703
326,0.6511718,0.57890815
327,0.71953624,0.6614958
328,0.30538887,0.30688384
329,0.71731997,0.7010026
330,0.35047916,0.4370394
331,0.24470747,0.28066924
332,0.50377184,0.3853223
333,0.5079363,0.447755
334,0.68401015,0.5856264
335,0.20790523,0.25986147
336,0.67125064,0.6641323
337,0.52015823,0.45338625
338,0.4978724,0.3816456
339,0.66094154,0.6764486
340,0.2505785,0.08936723
341,0.7276533,0.79277015
342,0.66696703,0.60610557
343,0.4959642,0.5198491
344,0.6585104,0.65047956
345,0.5113207,0.49563694
346,0.61076087,0.4957967
347,0.6282684,0.6241913
348,0.5578561,0.5720954
349,0.61022824,0.619883
350,0.5459259,0.46620277
351,0.55412036,0.59607166
352,0.4381225,0.37113243
353,0.471124,0.46918222
354,0.50378495,0.428059
355,0.44064236,0.4340184
356,0.5938367,0.54986006
357,0.43641177,0.3425143
358,0.68301296,0.63196385
359,0.5424836,0.48008573
360,0.66155726,0.6025309
361,0.5217114,0.49945083
362,0.22175902,0.16080996
363,0.4332626,0.4862696
364,0.58156246,0.50126344
365,0.65299374,0.5517773
366,0.68060607,0.5625336
367,0.686915,0.6095841
368,0.6028561,0.612566
369,0.5843466,0.5644169
370,0.40556982,0.37562606
371,0.7090446,0.59479594
372,0.587595,0.57857907
373,0.60364586,0.5503985
374,0.5622167,0.52910954
375,0.5157637,0.47746846
376,0.36455992,0.28784123
377,0.44256893,0.43498152
378,0.17865512,0.053014852
379,0.63526887,0.5186526
380,0.5710515,0.5074633
381,0.7342488,0.73068714
382,0.7455985,0.5924658
383,0.4360704,0.5399822
384,0.49783406,0.3628777
385,0.5812516,0.5882121
386,0.4973278,0.4951451
387,0.27300143,0.2116817
388,0.59242433,0.4965914
389,0.5599935,0.512972
390,0.7320675,0.693279
391,0.6038392,0.5372225
392,0.13516621,0.087015726
393,0.5728711,0.5355038
394,0.59571654,0.48280835
395,0.65432537,0.48479483
396,0.61078936,0.5711502
397,0.46256772,0.42818245
398,0.5449851,0.6972608
399,0.67376095,0.5652193
400,0.32071897,0.31627968
401,0.6191338,0.656761
402,0.6151071,0.45463243
403,0.49115956,0.46135056
404,0.3679328,0.199132
405,0.5374284,0.421517
406,0.6164684,0.5508386
407,0.6692271,0.61726403
408,0.60268515,0.5380204
409,0.6160478,0.537947
410,0.77261204,0.52919537
411,0.46624497,0.5083929
412,0.5579061,0.41633904
413,0.56161153,0.5593246
414,0.4888368,0.36934194
415,0.639844,0.62616867
416,0.46880147,0.38508457
417,0.6559855,0.5675306
418,0.5834016,0.55218965
419,0.6036313,0.6236631
420,0.46993247,0.3376954
421,0.45554584,0.3833594
422,0.90007025,0.9273717
423,0.51783675,0.4784122
424,0.44743297,0.43447563
425,0.72713476,0.2088565
426,0.7036402,0.66704684
427,0.5732295,0.6445212
428,0.5233016,0.42774865
429,0.48871398,0.44985506
430,0.77239734,0.7239825
431,0.5017046,0.42737237
432,0.56571966,0.5142022
433,0.7361234,0.6592084
434,0.68999755,0.6757792
435,0.6024158,0.53141063
436,0.5694015,0.56670946
437,0.450987,0.49962068
438,0.6918138,0.62632656
439,0.4825832,0.4961857
440,0.39930627,0.38669574
441,0.43108186,0.32601026
442,0.23991126,0.18018785
443,0.4894187,0.4971169
444,0.50010616,0.499432
445,0.6268473,0.5340963
446,0.71185356,0.6310879
447,0.5396929,0.40352228
448,0.5385933,0.5021469
449,0.45413056,0.36566934
450,0.7454557,0.6027659
451,0.565825,0.48954374
452,0.5101146,0.40275386
453,0.60045946,0.51016515
454,0.5184549,0.38372383
455,0.4442247,0.4085159
456,0.5071514,0.54945934
457,0.5777202,0.43676934
458,0.43021053,0.4038313
459,0.6624443,0.610936
460,0.609158,0.55015874
461,0.6822107,0.60678715
462,0.5059314,0.37390956
463,0.57440513,0.51878816
464,0.37863833,0.2975086
465,0.52271396,0.36623847
466,0.5834409,0.61019003
467,0.4716901,0.32614282
468,0.5466835,0.5244053
469,0.58294135,0.54124975
470,0.45643145,0.36416662
471,0.53464353,0.5241635
472,0.48454273,0.38376793
473,0.38509306,0.24395001
474,0.38794422,0.2827804
475,0.3388609,0.38553616
476,0.47383338,0.5285776
477,0.7117239,0.7042446
478,0.5034445,0.5427678
479,0.5700295,0.42504328
480,0.48846024,0.4672356
481,0.58325994,0.42991966
482,0.5563857,0.6278742
483,0.71217614,0.6249672
484,0.51497364,0.42408925
485,0.36673945,0.5760993
486,0.54500866,0.45610696
487,0.6456974,0.5414925
488,0.5748921,0.49220103
489,0.4830791,0.47209767
490,0.7875617,0.70587325
491,0.4139021,0.36918798
492,0.8058552,0.8135698
493,0.5861859,0.5121566
494,0.7710577,0.7496274
495,0.59681,0.56606424
496,0.5359334,0.52898043
497,0.3551852,0.23999804
498,0.42736098,0.39867797
499,0.54655194,0.42974976
500,0.7232642,0.69995433
501,0.631312,0.5702804
502,0.86734325,0.6766331
503,0.6625425,0.6160384
504,0.39090353,0.2656487
505,0.38028142,0.32593787
506,0.5383905,0.43477392
507,0.5798202,0.5407892
508,0.47267425,0.5696852
509,0.8656099,0.76409423
510,0.38934514,0.35771653
511,0.64222616,0.50614434
512,0.45255512,0.37433356
513,0.5269327,0.40679958
514,0.584107,0.49390274
515,0.62981,0.6220645
516,0.60522,0.49310276
517,0.36450836,0.30214152
518,0.61956733,0.55489606
519,0.5902321,0.48281065
520,0.4818878,0.41791624
521,0.5731839,0.50545067
522,0.8094393,0.70666134
523,0.54924357,0.4664509
524,0.50223136,0.43651673
525,0.567615,0.58728087
526,0.5891247,0.48261735
527,0.32982942,0.32725856
528,0.44696832,0.34725013
529,0.5491628,0.4577431
530,0.41915062,0.44097644
531,0.43806738,0.36542258
532,0.5967087,0.52983963
533,0.49130455,0.4344987
534,0.62164444,0.50332433
535,0.5149207,0.4620824
536,0.71448356,0.7068113
537,0.75765103,0.74137115
538,0.4404924,0.38564184
539,0.49274918,0.42220184
540,0.6808587,0.6903083
541,0.30259383,0.30570796
542,0.55908394,0.41382894
543,0.5969227,0.48651782
544,0.4522252,0.4003193
545,0.5913932,0.51543283
546,0.8104655,0.679484
547,0.46628094,0.4556811
548,0.7890689,0.663966
549,0.40966225,0.3850235
550,0.40025684,0.37670633
551,0.7267858,0.51936215
552,0.49240598,0.2102117
553,0.7305499,0.46129766
554,0.7226156,0.5544123
555,0.81797844,0.78025234
556,0.48987195,0.4778473
557,0.4625391,0.52043265
558,0.6814944,0.6497724
559,0.53310615,0.4336224
560,0.44142938,0.36854747
561,0.48768377,0.42240837
562,0.5952945,0.50434244
563,0.47444567,0.61509204
564,0.53091747,0.5316355
565,0.36184227,0.42914143
566,0.5792902,0.5012903
567,0.6746922,0.5926551
568,0.40877828,0.21111247
569,0.35591322,0.31634313
570,0.71823716,0.7114518
571,0.8690383,0.8320743
572,0.43843523,0.2581364
573,0.57871497,0.49077418
574,0.46461138,0.45927468
575,0.5396463,0.33812383
576,0.65689117,0.5658471
577,0.3554738,0.43241933
578,0.26207164,0.23740408
579,0.5340134,0.5220248
580,0.30238992,0.3030279
581,0.6901061,0.71225166
582,0.58135635,0.57511884
583,0.5210533,0.5443056
584,0.48405406,0.43602824
585,0.5414577,0.49270967
586,0.78483075,0.62127006
587,0.43907574,0.44336838
588,0.5948345,0.54788715
589,0.8146049,0.8135056
590,0.698627,0.5594452
591,0.4322586,0.41142997
592,0.53756654,0.5746411
593,0.606872,0.48849207
594,0.8799507,0.8644546
595,0.54018635,0.4589035
596,0.78994185,0.702862
597,0.53672534,0.510536
598,0.8135962,0.6785569
599,0.6080655,0.595288
600,0.6555173,0.5945058
601,0.52703816,0.47309718
602,0.6380386,0.5709652
603,0.5143289,0.46840367
604,0.51481456,0.44493762
605,0.500153,0.382248
606,0.53320926,0.47208747
607,0.5834487,0.4839328
608,0.37138942,0.32438874
609,0.5038943,0.37760094
610,0.63134307,0.5488854
611,0.5914754,0.4982393
612,0.6246285,0.563789
613,0.792476,0.7766475
614,0.32964715,0.22213
615,0.37955174,0.44321355
616,0.29365894,0.2899929
617,0.6918381,0.51014024
618,0.77690613,0.7190938
619,0.4896978,0.52000296
620,0.52902174,0.4789576
621,0.60907793,0.5611209
622,0.4356384,0.34699842
623,0.64237875,0.64687693
624,0.6965119,0.62201595
625,0.51417106,0.510384
626,0.78074765,0.75419563
627,0.72622836,0.7133924
628,0.6802475,0.65911007
629,0.6173368,0.5922845
630,0.5900766,0.48344553
631,0.61618936,0.6105851
632,0.30161807,0.23829713
633,0.3828201,0.40163502
634,0.38409516,0.44180256
635,0.6133826,0.5462016
636,0.5283631,0.44974568
637,0.52881837,0.5215645
638,0.57412106,0.5332
639,0.4349263,0.43185824
640,0.59246016,0.5131644
641,0.83215886,0.8037375
642,0.4412126,0.40746632
643,0.5135774,0.45756093
644,0.45044377,0.39779326
645,0.7490183,0.6560622
646,0.48883224,0.3416613
647,0.5977597,0.3692373
648,0.26788476,0.2160261
649,0.5847421,0.61820817
650,0.4231137,0.30901736
651,0.5735058,0.4591317
652,0.53965485,0.5661321
653,0.45061907,0.40724728
654,0.59776163,0.5271139
655,0.55282265,0.5053475
656,0.6388989,0.51951134
657,0.40478975,0.35729507
658,0.5558086,0.52613795
659,0.73849887,0.646948
660,0.52289903,0.42942473
661,0.5161836,0.5060718
662,0.79356354,0.760794
663,0.5908172,0.5165813
664,0.48496616,0.24260378
665,0.6121972,0.46850815
666,0.6591113,0.5706432
667,0.8391018,0.7594388
668,0.62820137,0.5011333
669,0.5485106,0.6075711
670,0.51951057,0.48336765
671,0.45146617,0.34489033
672,0.45561337,0.31031197
673,0.67925006,0.6006613
674,0.46479255,0.4493562
675,0.6435711,0.50171953
676,0.71069336,0.73641527
677,0.34517935,0.35502598
678,0.5917275,0.4230712
679,0.2689505,0.24320954
680,0.25717857,0.23804498
681,0.24870497,0.25589177
682,0.6274283,0.64783394
683,0.36780515,0.41961315
684,0.5111868,0.44467953
685,0.6130958,0.56210226
686,0.71702635,0.6675284
687,0.4248264,0.40143853
688,0.5688039,0.4994734
689,0.61169505,0.5171948
690,0.71327907,0.6596357
691,0.5199126,0.5431638
692,0.45835415,0.3878915
693,0.4670568,0.33526245
694,0.75501853,0.62262595
695,0.56609166,0.52307165
696,0.6723004,0.6384365
697,0.6220504,0.59792125
698,0.8144232,0.5489579
699,0.5710132,0.48210752
700,0.67111236,0.5486866
701,0.60345864,0.35403654
702,0.6930515,0.64938885
703,0.47634432,0.44649515
704,0.5105047,0.44820276
705,0.39226827,0.33332163
706,0.6454962,0.5960858
707,0.66353565,0.5596667
708,0.72179097,0.7856424
709,0.3407673,0.46557385
710,0.6352948,0.5640951
711,0.7473727,0.633303
712,0.6275385,0.5254583
713,0.69313985,0.7040126
714,0.4620597,0.3648004
715,0.39954942,0.32494977
716,0.5972882,0.60744685
717,0.41659454,0.37792525
718,0.6926784,0.52686876
719,0.41676554,0.36366948
720,0.69400233,0.61381483
721,0.4148915,0.35897642
722,0.56907,0.47579816
723,0.32670656,0.31554046
724,0.5201936,0.37792304
725,0.5871938,0.4857523
726,0.56707406,0.51230216
727,0.3253815,0.21531388
728,0.6566632,0.62257546
729,0.32622465,0.31996349
730,0.5110422,0.47280112
731,0.698513,0.6473297
732,0.5095589,0.3279079
733,0.7585656,0.6440181
734,0.60826117,0.5687136
735,0.32780612,0.2894518
736,0.6149873,0.52503365
737,0.55905545,0.2932809
738,0.1942874,0.16577229
739,0.51350534,0.51304483
740,0.5786908,0.5528812
741,0.6243963,0.62347
742,0.7647045,0.59012514
743,0.58565,0.56066865
744,0.680316,0.61260575
745,0.704815,0.5680773
746,0.51703167,0.38105774
747,0.3869721,0.3702928
748,0.78834444,0.71772885
749,0.3513183,0.32693288
750,0.8869614,0.7684107
751,0.7283152,0.7405377
752,0.6318472,0.54147106
753,0.80253524,0.74770117
754,0.9791984,0.8583411
755,0.62505925,0.49527568
756,0.58552617,0.44146642
757,0.6616964,0.5639057
758,0.59656245,0.5275052
759,0.5098145,0.43717656
760,0.5875655,0.39900634
761,0.68914,0.61017007
762,0.43363732,0.31848815
763,0.5540358,0.42389804
764,0.5350936,0.42859125
765,0.28309375,0.34035286
766,0.6762122,0.4491276
767,0.39838034,0.39273718
768,0.48554453,0.44699824
769,0.6200654,0.6118542
770,0.7104723,0.5576042
771,0.50254345,0.39002734
772,0.7010848,0.5795419
773,0.18278138,0.104381114
774,0.3587385,0.27970913
775,0.34866077,0.33061013
776,0.4244044,0.39814135
777,0.6665297,0.54796994
778,0.48897347,0.4886621
779,0.36315528,0.39845473
780,0.56601673,0.5100829
781,0.5641584,0.47096285
782,0.7480202,0.5928066
783,0.62733954,0.5664423
784,0.4226258,0.26926833
785,0.65727586,0.36854544
786,0.716315,0.6768923
787,0.8587567,0.69645166
788,0.5884691,0.6001554
789,0.47133148,0.4576288
790,0.5335739,0.4856613
791,0.67396605,0.66450715
792,0.5774479,0.47867146
793,0.62937355,0.5699547
794,0.61432594,0.5474385
795,0.7057841,0.64798594
796,0.8353868,0.75166917
797,0.81008846,0.7611232
798,0.29185665,0.3573848
799,0.19488797,0.04517416
800,0.39226037,0.44968387
801,0.595725,0.50323594
802,0.55764264,0.5408497
803,0.5951497,0.57909775
804,0.71729535,0.6627346
805,0.7392546,0.6963874
806,0.5410887,0.46625808
807,0.42703423,0.4077823
808,0.5570432,0.53603125
809,0.4046971,0.37718174
810,0.8241712,0.79845303
811,0.2672454,0.20275855
812,0.24583416,0.33195484
813,0.7132581,0.6058985
814,0.42484835,0.3403335
815,0.6131696,0.48819438
816,0.5788598,0.5391729
817,0.62056535,0.51281726
818,0.35024333,0.4862294
819,0.5391001,0.4836999
820,0.53098226,0.49195442
821,0.4227719,0.40162155
822,0.59355074,0.59918916
823,0.43874136,0.40496394
824,0.609237,0.52628183
825,0.71629286,0.6594361
826,0.6050289,0.4702042
827,0.6509229,0.6083618
828,0.4621187,0.55937576
829,0.44468528,0.34983495
830,0.6811958,0.6251333
831,0.6454753,0.66287106
832,0.49784932,0.53334945
833,0.63102514,0.52050805
834,0.37440702,0.4087346
835,0.6137116,0.49296388
836,0.60635287,0.61667264
837,0.6390676,0.4861813
838,0.42284524,0.41502073
839,0.5237112,0.51848125
840,0.698979,0.5940619
841,0.46523857,0.30504844
842,0.6465457,0.641811
843,0.32871825,0.41459593
844,0.54010886,0.46121216
845,0.5430086,0.52683586
846,0.66472393,0.60731643
847,0.55199033,0.57526743
848,0.578932,0.5105303
849,0.5981639,0.59192944
850,0.81852776,0.8118694
851,0.54635954,0.5332495
852,0.630359,0.74167246
853,0.3943142,0.3843167
854,0.8469696,0.55741006
855,0.45338997,0.25272015
856,0.4936677,0.4756693
857,0.6873908,0.60761845
858,0.48984233,0.39430627
859,0.50632226,0.54642123
860,0.88684624,1.0013301
861,0.4335281,0.40813652
862,0.50181824,0.4903598
863,0.62911797,0.60719883
864,0.6143279,0.46721098
865,0.6122071,0.57680386
866,0.5608057,0.5151238
867,0.5615252,0.5494061
868,0.6589568,0.7133003
869,0.68943703,0.6151177
870,0.28266567,0.21961337
871,0.6368712,0.46390843
872,0.5988441,0.5521787
873,0.19161381,0.11025749
874,0.43665227,0.3946565
875,0.6581213,0.46220994
876,0.48709932,0.40221864
877,0.5673951,0.47525188
878,0.62200165,0.55111384
879,0.41250366,0.5269172
880,0.6306237,0.53075296
881,0.67506045,0.5555501
882,0.3699186,0.26069692
883,0.6469739,0.5929861
884,0.7238061,0.7854019
885,0.742447,0.71569467
886,0.5137782,0.53402036
887,0.69069326,0.5629429
888,0.56298655,0.54814523
889,0.4835283,0.38869458
890,0.72056925,0.6366646
891,0.60738283,0.53857934
892,0.28807202,0.17335114
893,0.59114826,0.5567578
894,0.39097422,0.24052486
895,0.6187554,0.53931516
896,0.41447398,0.48185283
897,0.5167123,0.4921633
898,0.5640699,0.45222387
899,0.5333164,0.71439207
900,0.5512649,0.51192313
901,0.6750209,0.5791666
902,0.42884567,0.5517006
903,0.6121815,0.5824597
904,0.52206516,0.39598787
905,0.7271289,0.7004767
906,0.4507813,0.431644
907,0.39004338,0.34746286
908,0.72759575,0.6171371
909,0.57319593,0.4326633
910,0.43478617,0.32806745
911,0.6753326,0.5031224
912,0.634855,0.5128709
913,0.56555337,0.5303334
914,0.58677715,0.50080395
915,0.485717,0.41892684
916,0.71772605,0.70372117
917,0.32785103,0.4408283
918,0.59152836,0.45073435
919,0.5047321,0.32519117
920,0.609957,0.5396917
921,0.5699209,0.61809385
922,0.6985335,0.5943327
923,0.63505733,0.61550033
924,0.61444914,0.43545172
925,0.4468935,0.5023285
926,0.6027153,0.5080248
927,0.5103574,0.4148398
928,0.63608277,0.5993526
929,0.44687885,0.43590137
930,0.52937025,0.5700547
931,0.66029483,0.5644395
932,0.42213258,0.358108
933,0.51418555,0.5352117
934,0.6192369,0.55148065
935,0.55265665,0.46119803
936,0.5618752,0.4839622
937,0.50006723,0.37306425
938,0.27599174,0.29195157
939,0.36216748,0.3394054
940,0.6303405,0.5118308
941,0.52319264,0.47092888
942,0.45866492,0.48658368
943,0.5969805,0.53474903
944,0.6428295,0.55886775
945,0.51134956,0.4594744
946,0.6625984,0.53215426
947,0.57348126,0.49784854
948,0.58942527,0.5890177
949,0.60027117,0.5310322
950,0.8522598,0.7397531
951,0.2010071,0.080652155
952,0.6169973,0.56516206
953,0.5345737,0.5325215
954,0.52329636,0.4194192
955,0.6132669,0.52978086
956,0.72656363,0.61869204
957,0.49999604,0.3792551
958,0.5013196,0.37831265
959,0.5948519,0.5489624
960,0.6861147,0.61852723
961,0.6240929,0.56490064
962,0.6144385,0.5414844
963,0.7879785,0.60892045
964,0.40915993,0.29035047
965,0.6065996,0.5434416
966,0.72640055,0.71944076
967,0.4720468,0.4868542
968,0.30328962,0.34297976
969,0.630076,0.586012
970,0.47615007,0.32172343
971,0.5453567,0.41530883
972,0.48774362,0.40496227
973,0.4717852,0.3848953
974,0.56863874,0.48480615
975,0.587909,0.48735848
976,0.38466355,0.41149428
977,0.40096882,0.32167974
978,0.5973599,0.32877716
979,0.17629614,0.20433748
980,0.41881594,0.41938367
981,0.58420444,0.5229815
982,0.54955447,0.44286612
983,0.7461538,0.7695676
984,0.5235172,0.5217078
985,0.71041435,0.5347867
986,0.86949986,0.76996934
987,0.6455162,0.6169957
988,0.47507736,0.43188128
989,0.54276097,0.44563648
990,0.27580497,0.36085138
991,0.64489824,0.5583476
992,0.8792246,0.8585892
993,0.48070893,0.40073773
994,0.3511868,0.24521694
995,0.5666184,0.56093514
996,0.50080496,0.48722866
997,0.6773564,0.574251
998,0.5866201,0.44709894
999,0.5589232,0.3418543
1000,0.37564555,0.331762
1001,0.76905173,0.7171422
1002,0.56992507,0.41524658
1003,0.69038683,0.61339194
1004,0.3787525,0.2867545
1005,0.59111017,0.388523
1006,0.51837057,0.42486882
1007,0.5547343,0.4943758
1008,0.55485725,0.5509514
1009,0.5876248,0.3820882
1010,0.5453064,0.4734145
1011,0.43177778,0.61713773
1012,0.4267027,0.44452813
1013,0.50267947,0.44378743
1014,0.67978805,0.67715967
1015,0.35847974,0.25479752
1016,0.59246606,0.5405774
1017,0.67406446,0.5881159
1018,0.49950102,0.5136752
1019,0.47668958,0.39405766
1020,0.52927256,0.49115053
1021,0.66589415,0.76664495
1022,0.589047,0.5768025
1023,0.5060045,0.38743857
1024,0.44655246,0.41791067
1025,0.5128995,0.4950642
1026,0.63915074,0.5737287
1027,0.3285782,0.22973979
1028,0.65156645,0.53360724
1029,0.58442825,0.5877125
1030,0.5399695,0.45295742
1031,0.69320947,0.594493
1032,0.5175326,0.47007102
1033,0.5566582,0.49840805
1034,0.42034444,0.37283316
1035,0.5595104,0.4351969
1036,0.5629104,0.5503443
1037,0.18824416,0.14143325
1038,0.60668933,0.5627827
1039,0.5797996,0.5097235
1040,0.3736599,0.35651895
1041,0.39271858,0.29054365
1042,0.55972356,0.4071215
1043,0.0109872855,0.31214732
1044,0.48821843,0.44151926
1045,0.41857883,0.29396358
1046,0.44492698,0.47025988
1047,0.54049176,0.4688674
1048,0.5736434,0.4700139
1049,0.5871771,0.48933277
1050,0.36490223,0.3668351
1051,0.4364197,0.4229119
1052,0.9285056,0.82728446
1053,0.12067492,0.043030687
1054,0.4606942,0.44462618
1055,0.61245316,0.5657581
1056,0.3783317,0.41301855
1057,0.52661276,0.539395
1058,0.6478885,0.61893153
1059,0.51857436,0.5753367
1060,0.4040321,0.3533516
1061,0.45160246,0.3648859
1062,0.40568128,0.38464752
1063,0.46950248,0.25152615
1064,0.7591904,0.67725253
1065,0.548679,0.4682792
1066,0.61000246,0.5511476
1067,0.66848975,0.6104033
1068,0.51198524,0.69015664
1069,0.5917563,0.48424998
1070,0.44432816,0.3143176
1071,0.62126654,0.5890528
1072,0.63529915,0.48152742
1073,0.5487611,0.6254455
1074,0.73248386,0.67902017
1075,0.7852277,0.70197606
1076,0.42264426,0.36011392
1077,0.34789816,0.2515478
1078,0.71371454,0.52997977
1079,0.5900585,0.6503166
1080,0.7237583,0.687834
1081,0.3507922,0.24888372
1082,0.402155,0.32543588
1083,0.55067044,0.5342412
1084,0.8508825,0.79385805
1085,0.7277823,0.8282902
1086,0.7714644,0.67568874
1087,0.23409577,0.26964727
1088,0.5625927,0.49334583
1089,0.5868263,0.47827065
1090,0.81884944,0.93729883
1091,0.6650273,0.4978931
1092,0.55496764,0.56806564
1093,0.47277606,0.5095726
1094,0.58203006,0.5219618
1095,0.65579444,0.63110745
1096,0.57609075,0.5272717
1097,0.3378423,0.3355041
1098,0.45865682,0.26688328
1099,0.6915868,0.6738149
1100,0.5920632,0.53718174
1101,0.6753289,0.33446577
1102,0.40967944,0.27353385
1103,0.45472565,0.35414502
1104,0.62497693,0.4567387
1105,0.5518661,0.50787467
1106,0.56235605,0.4487401
1107,0.3731657,0.40015766
1108,0.59212226,0.48698854
1109,0.5823473,0.48398778
1110,0.5149593,0.5053376
1111,0.58458394,0.4763135
1112,0.5698729,0.46715277
1113,0.55761176,0.4327644
1114,0.27120885,0.3328745
1115,0.53169185,0.5100475
1116,0.5847786,0.53264356
1117,0.70620656,0.67841244
1118,0.62141895,0.5800529
1119,0.696227,0.6528908
1120,0.7259868,0.57753646
1121,0.50357646,0.4530554
1122,0.43908194,0.3634684
1123,0.37724984,0.42167386
1124,0.66120017,0.5792306
1125,0.42144346,0.3783261
1126,0.34454513,0.3635117
1127,0.20555605,0.18259263
1128,0.57119733,0.5026466
1129,0.38114628,0.2716738
1130,0.21913274,0.17153513
1131,0.50625616,0.43028244
1132,0.73581403,0.72005004
1133,0.6205576,0.48849973
1134,0.7217794,0.609167
1135,0.16792487,0.2738919
1136,0.7722185,0.8104272
1137,0.47122034,0.42580634
1138,0.25659972,0.37301698
1139,0.5361001,0.4538893
1140,0.501228,0.50475985
1141,0.52576286,0.5555475
1142,0.41717738,0.42052636
1143,0.6165348,0.652365
1144,0.5910929,0.48593733
1145,0.58506435,0.5083011
1146,0.607646,0.54837936
1147,0.2360866,0.2704099
1148,0.55659527,0.48255378
1149,0.49137154,0.3574397
1150,0.1217387,0.092514694
1151,0.32078943,0.22655126
1152,0.5381362,0.4658784
1153,0.5470438,0.5917095
1154,0.30019197,0.4089608
1155,0.495737,0.42507067
1156,0.42432955,0.3188958
1157,0.52081394,0.4642075
1158,0.49184835,0.47967723
1159,0.34624985,0.1946812
1160,0.3824397,0.34765753
1161,0.49167445,0.37754145
1162,0.35916224,0.44851318
1163,0.37930402,0.34122372
1164,0.26234052,0.29867285
1165,0.4372242,0.38800967
1166,0.6290935,0.68967676
1167,0.64329326,0.46698746
1168,0.52735096,0.5428728
1169,0.44680947,0.43261856
1170,0.61164755,0.5798343
1171,0.68531674,0.63633263
1172,0.6451184,0.6556309
1173,0.649309,0.6001165
1174,0.61341393,0.55124193
1175,0.64203733,0.60406446
1176,0.5165266,0.34637102
1177,0.38104436,0.30694816
1178,0.38941184,0.24797669
1179,0.6501862,0.48472118
1180,0.6502003,0.65081125
1181,0.464148,0.3866304
1182,0.43592805,0.36269853
1183,0.7828503,0.7824744
1184,0.42863485,0.28293562
1185,0.58579665,0.53732693
1186,0.6305508,0.54245067
1187,0.6174715,0.38226053
1188,0.5250819,0.3958887
1189,0.6024536,0.56713784
1190,0.56611335,0.5590958
1191,0.67999136,0.52135193
1192,0.4260513,0.38091713
1193,0.53363156,0.23799583
1194,0.57381636,0.5424746
1195,0.372531,0.3383869
1196,0.5899178,0.4817922
1197,0.57848775,0.52553004
1198,0.5878722,0.5106942
1199,0.77453536,0.6107499
1200,0.5309325,0.5654695
1201,0.5485032,0.5008914
1202,0.22513765,0.084228195
1203,0.33520034,0.260659
1204,0.32062098,0.34252477
1205,0.35247204,0.16194442
1206,0.7344045,0.58251876
1207,0.43162096,0.43511632
1208,0.6625833,0.6162224
1209,0.55751616,0.47361585
1210,0.59459305,0.5181776
1211,0.42374265,0.3500075
1212,0.63382477,0.6311815
1213,0.65414387,0.6026392
1214,0.50350463,0.39438355
1215,0.5119055,0.45887592
1216,0.5445402,0.5078042
1217,0.67149645,0.5717103
1218,0.24528608,0.27149546
1219,0.720895,0.682904
1220,0.66230583,0.5748652
1221,0.42634276,0.2967944
1222,0.36766085,0.26040152
1223,0.72288316,0.6432103
1224,0.3442889,0.28362986
1225,0.46675357,0.419217
1226,0.439211,0.4530966
1227,0.8012633,0.71059287
1228,0.47211292,0.31400627
1229,0.542011,0.57919955
1230,0.6125949,0.50950545
1231,0.63625944,0.58838093
1232,0.7109252,0.6491954
1233,0.50360566,0.39058688
1234,0.40615556,0.4352055
1235,0.5625484,0.44130293
1236,0.69319576,0.70758355
1237,0.3431463,0.37760517
1238,0.5418956,0.5281903
1239,0.6568572,0.6363641
1240,0.58334154,0.5750861
1241,0.68698794,0.63274366
1242,0.40423647,0.41681626
1243,0.50442666,0.50034446
1244,0.6542852,0.5570652
1245,0.5385163,0.4866537
1246,0.68368167,0.528927
1247,0.20579024,0.18666378
1248,0.6527447,0.5270064
1249,0.4953828,0.51218915
1250,0.5153746,0.4456923
1251,0.31830236,0.26575583
1252,0.5112956,0.28120112
1253,0.45867595,0.329263
1254,0.5563838,0.568753
1255,0.6021728,0.4894934
1256,0.6879753,0.5894802
1257,0.40026364,0.50666374
1258,0.6895814,0.6351327
1259,0.5254017,0.3957468
1260,0.4226794,0.3256513
1261,0.67261267,0.64900196
1262,0.2911501,0.20937702
1263,0.5335252,0.4717911
1264,0.5990823,0.4731867
1265,0.6705822,0.6044288
1266,0.63666916,0.6422305
1267,0.7105924,0.69433486
1268,0.7019189,0.657672
1269,0.43620414,0.35325763
1270,0.6498051,0.5494026
1271,0.59956574,0.59230214
1272,0.33344048,0.47675678
1273,0.5945417,0.53647685
1274,0.44625077,0.40218353
1275,0.43227872,0.4864421
1276,0.50607586,0.40878662
1277,0.60389394,0.48110357
1278,0.8101631,0.8204256
1279,0.5546071,0.4735576
1280,0.5082838,0.3901399
1281,0.68556327,0.63462305
1282,0.7050649,0.7503278
1283,0.7848962,0.72528464
1284,0.62858564,0.65021145
1285,0.60736555,0.5634666
1286,0.5123262,0.37700662
1287,0.70391196,0.6134659
1288,0.45249313,0.48636588
1289,0.58937556,0.60059625
1290,0.69616646,0.74543804
1291,0.4887551,0.41765144
1292,0.7436024,0.65793717
1293,0.43806663,0.44078857
1294,0.47475278,0.355067
1295,0.39366752,0.3451533
1296,0.4289437,0.4113416
1297,0.57249326,0.46559897
1298,0.44756362,0.3208618
1299,0.5070884,0.5623761
1300,0.49630633,0.52376556
1301,0.64843684,0.62365615
1302,0.689552,0.54104465
1303,0.2693987,0.35729626
1304,0.46833855,0.54825765
1305,0.57168645,0.4921407
1306,0.45038652,0.429811
1307,0.6535887,0.55069983
1308,0.52651316,0.45773286
1309,0.4968749,0.4363837
1310,0.488484,0.520308
1311,0.55370194,0.4398775
1312,0.21851316,0.23411846
1313,0.49346122,0.4632313
1314,0.4696817,0.37855455
1315,0.75701207,0.73452663
1316,0.85507935,0.7925277
1317,0.57071847,0.53610444
1318,0.7024364,0.61210436
1319,0.4792522,0.38543242
1320,0.65583175,0.7136185
1321,0.5852857,0.48975453
1322,0.7052111,0.62060547
1323,0.6307316,0.6488297
1324,0.5036229,0.47326925
1325,0.24036285,0.18924731
1326,0.39688784,0.31826547
1327,0.41971573,0.440963
1328,0.55988115,0.49348152
1329,0.6097461,0.59239125
1330,0.539651,0.62349343
1331,0.6805797,0.59491575
1332,0.74401987,0.58279777
1333,0.7351816,0.71127313
1334,0.62727755,0.50489134
1335,0.5149651,0.4703112
1336,0.40738714,0.39414915
1337,0.34828863,0.4557176
1338,0.36533934,0.22244596
1339,0.6127475,0.52564013
1340,0.60431147,0.5652711
1341,0.76437896,0.5906298
1342,0.47795084,0.37155297
1343,0.64142185,0.56095225
1344,0.7460865,0.69232416
1345,0.49327275,0.45138034
1346,0.7423832,0.6493486
1347,0.2656715,0.15106188
1348,0.657237,0.6417004
1349,0.56700844,0.5170696
1350,0.57502615,0.6084249
1351,0.5440954,0.5574989
1352,0.4854338,0.48031047
1353,0.48057613,0.39503488
1354,0.5917085,0.5184979
1355,0.5616305,0.43859717
1356,0.34941903,0.35144117
1357,0.6131217,0.5024275
1358,0.44069174,0.42702723
1359,0.6855882,0.5642749
1360,0.27048868,0.23580468
1361,0.43798473,0.34492454
1362,0.58459663,0.45747232
1363,0.38882023,0.34743765
1364,0.42238334,0.27853608
1365,0.4100251,0.34641486
1366,0.6492915,0.59418714
1367,0.57888806,0.6062387
1368,0.6780786,0.5814265
1369,0.34554625,0.183896
1370,0.6042473,0.52164394
1371,0.78617144,0.8736862
1372,0.57302946,0.5530339
1373,0.56674755,0.61293215
1374,0.6634175,0.6785871
1375,0.44816455,0.40896642
1376,0.77298373,0.64218354
1377,0.56673956,0.48311847
1378,0.533761,0.5060228
1379,0.6978008,0.5330308
1380,0.32991573,0.24756134
1381,0.57682353,0.58530414
1382,0.3609043,0.28015146
1383,0.3740633,0.30443507
1384,0.4435667,0.3174702
1385,0.6384489,0.5265546
1386,0.13081889,0.23499048
1387,0.5796558,0.6468183
1388,0.43146017,0.38221148
1389,0.5810254,0.55196625
1390,0.38696632,0.4462804
1391,0.4181598,0.40896815
1392,0.48520225,0.42642534
1393,0.64718693,0.6091683
1394,0.87198335,0.9486047
1395,0.4906836,0.41975078
1396,0.5220711,0.55318534
1397,0.38795367,0.31592336
1398,0.547337,0.4074047
1399,0.25649503,0.34297398
1400,0.5759231,0.6153796
1401,0.59372175,0.4780387
1402,0.6978737,0.58404505
1403,0.81163234,0.70348215
1404,0.70999783,0.637307
1405,0.63584715,0.5896693
1406,0.5789155,0.39788446
1407,0.5147978,0.58825433
1408,0.53252065,0.4500864
1409,0.87664443,0.81517774
1410,0.6846778,0.70519644
1411,0.21887162,0.18056488
1412,0.6794198,0.59548396
1413,0.6255066,0.4997592
1414,0.56222194,0.500847
1415,0.5310143,0.54689294
1416,0.29069307,0.3556506
1417,0.3725414,0.39183894
1418,0.42527303,0.4616154
1419,0.58655816,0.60269237
1420,0.3673109,0.32303476
1421,0.62074035,0.48767668
1422,0.86306626,0.87590325
1423,0.44215322,0.44338068
1424,0.6378338,0.4137368
1425,0.61590075,0.44608328
1426,0.66548806,0.64168715
1427,0.4765623,0.37954548
1428,0.7582328,0.6953938
1429,0.39094606,0.15269771
1430,0.67783266,0.67295
1431,0.40049678,0.4060076
1432,0.45579278,0.47576544
1433,0.50054157,0.49102095
1434,0.4588309,0.17616358
1435,0.275719,0.34374952
1436,0.6329368,0.5466644
1437,0.6595816,0.50434524
1438,0.4076183,0.3464056
1439,0.5536366,0.5430307
1440,0.3117744,0.17268819
1441,0.52273285,0.3387232
1442,0.28326893,0.2423409
1443,0.8796684,0.84693277
1444,0.2933821,0.12132908
1445,0.59085745,0.49740276
1446,0.64044565,0.61217225
1447,0.5675404,0.53686005
1448,0.7339419,0.7127657
1449,0.45612708,0.44967532
1450,0.4718003,0.39254996
1451,0.6860767,0.6110878
1452,0.55146873,0.52698094
1453,0.5338529,0.52044797
1454,0.63788754,0.5190643
1455,0.53113455,0.30840814
1456,0.4800896,0.47831157
1457,0.64616066,0.6427001
1458,0.63252336,0.5308845
1459,0.41726702,0.38760087
1460,0.70482856,0.5552127
1461,0.68720776,0.53533036
1462,0.34268442,0.28375074
1463,0.6187481,0.54417187
1464,0.498507,0.38958618
1465,0.7243759,0.43598786
1466,0.75209635,0.6518413
1467,0.61823756,0.51370245
1468,0.3999382,0.3029208
1469,0.39408174,0.36871192
1470,0.6135931,0.52440864
1471,0.48497412,0.40456071
1472,0.6480364,0.56502926
1473,0.58218926,0.6249201
1474,0.5481639,0.45300183
1475,0.5676518,0.56768197
1476,0.6847457,0.5295455
1477,0.29250237,0.38511065
1478,0.37625718,0.32309157
1479,0.69635,0.5575712
1480,0.69096273,0.6324541
1481,0.4017573,0.31840008
1482,0.6326001,0.666747
1483,0.68964845,0.7370976
1484,0.7931617,0.8959442
1485,0.52238995,0.501676
1486,0.72867423,0.6197529
1487,0.44633684,0.3289365
1488,0.5582511,0.5258868
1489,0.295541,0.39411178
1490,0.5430008,0.49534404
1491,0.5173238,0.4876277
1492,0.7248619,0.605928
1493,0.56160307,0.48712507
1494,0.45357162,0.4002608
1495,0.68113816,0.69606364
1496,0.61485356,0.51656145
1497,0.7837644,0.7386472
1498,0.7207814,0.6006925
1499,0.67543465,0.60281605
1500,0.42499587,0.39308938
1501,0.4868833,0.4623642
1502,0.6769282,0.6421602
1503,0.39350638,0.26498872
1504,0.45535946,0.4156977
1505,0.76603705,0.71470267
1506,0.3350945,0.25271735
1507,0.5977812,0.56290704
1508,0.4512262,0.25096598
1509,0.81606144,0.73017967
1510,0.35417658,0.21803603
1511,0.62105477,0.5996047
1512,0.65581506,0.5002883
1513,0.45365554,0.34042707
1514,0.66112024,0.28442597
1515,0.47914344,0.4332823
1516,0.4209778,0.34941897
1517,0.50305206,0.36533675
1518,0.60328853,0.59567845
1519,0.53392714,0.46039316
1520,0.5948252,0.59477013
1521,0.70138144,0.58316016
1522,0.63796335,0.5307839
1523,0.57709193,0.4574359
1524,0.61611295,0.5926473
1525,0.5534961,0.507693
1526,0.53500277,0.41622964
1527,0.7075117,0.5536623
1528,0.5640061,0.5326767
1529,0.46621516,0.41178614
1530,0.51926714,0.50830984
1531,0.49618196,0.4067749
1532,0.49773136,0.48515746
1533,0.3307105,0.30310807
1534,0.51482147,0.48148537
1535,0.67872536,0.6155553
1536,0.65665716,0.62826943
1537,0.53065985,0.4281341
1538,0.6189555,0.48242506
1539,0.83778423,0.6996639
1540,0.5120948,0.43387088
1541,0.7356598,0.7175139
1542,0.5825483,0.46881875
1543,0.599198,0.5839989
1544,0.22664598,0.075335175
1545,0.38301134,0.23277384
1546,0.662498,0.70130324
1547,0.5375464,0.57821876
1548,0.65042037,0.6003901
1549,0.25298724,0.40612516
1550,0.80170226,0.72079086
1551,0.5751489,0.5005788
1552,0.53930277,0.47508225
1553,0.5721289,0.579631
1554,0.18310493,0.18697155
1555,0.73563486,0.65551126
1556,0.5481925,0.49971113
1557,0.53362143,0.4598923
1558,0.5434679,0.5698368
1559,0.47461072,0.4799492
1560,1.0102639,0.84917516
1561,0.58163655,0.5796391
1562,0.49714676,0.64971423
1563,0.5904805,0.56769377
1564,0.5881394,0.5769963
1565,0.6022807,0.5428751
1566,0.4771779,0.3591241
1567,0.5013915,0.4235362
1568,0.81617737,0.80037856
1569,0.6362199,0.5653211
1570,0.5735368,0.5102507
1571,0.23013201,0.28066996
1572,0.5860154,0.51471144
1573,0.65942425,0.5787038
1574,0.5398202,0.4864282
1575,0.29407188,0.30212283
1576,0.65917265,0.7076763
1577,0.55044657,0.52712744
1578,0.6303188,0.50531054
1579,0.5160097,0.45113412
1580,0.68653244,0.68542695
1581,0.64429134,0.59415674
1582,0.6318546,0.54000765
1583,0.50276965,0.46917844
1584,0.6061091,0.57377034
1585,0.7201434,0.7809142
1586,0.37261948,0.24959466
1587,0.4646552,0.35126784
1588,0.68169093,0.67496073
1589,0.09883347,0.028046008
1590,0.6715466,0.6249764
1591,0.62910336,0.61516833
1592,0.5778981,0.49472558
1593,0.55228394,0.60721385
1594,0.49200162,0.41876528
1595,0.64945227,0.67124933
1596,0.65139526,0.56120557
1597,0.614369,0.55755955
1598,0.59357744,0.53226095
1599,0.31796405,0.25577936
1600,0.50620866,0.46692744
1601,0.71415144,0.6151656
1602,0.51058656,0.41182396
1603,0.36566076,0.34542152
1604,0.80511063,0.7548927
1605,0.4853175,0.44030258
1606,0.21974277,0.18492985
1607,0.2480866,0.22313067
1608,0.39800325,0.27244195
1609,0.47536537,0.3670601
1610,0.46960536,0.41508946
1611,0.67536986,0.6568655
1612,0.76839733,0.6968465
1613,0.39208695,0.37292698
1614,0.6832444,0.59423083
1615,0.54561555,0.4981381
1616,0.570165,0.44578668
1617,0.6471472,0.60468984
1618,0.7576608,0.6889014
1619,0.6663819,0.6541202
1620,0.6995868,0.74655473
1621,0.35554072,0.3865365
1622,0.54637414,0.46211603
1623,0.5078968,0.5748665
1624,0.60688233,0.6454446
1625,0.43107074,0.2859708
1626,0.8395735,0.8370677
1627,0.6976516,0.72199506
1628,0.40791437,0.40613672
1629,0.52231354,0.4980143
1630,0.6057227,0.579836
1631,0.49848828,0.4826583
1632,0.73529047,0.6494112
1633,0.43332973,0.38891044
1634,0.3804948,0.30968326
1635,0.6608029,0.6291779
1636,0.6386742,0.59192514
1637,0.7943086,0.6397751
1638,0.56710356,0.54776216
1639,0.461063,0.36498716
1640,0.3324622,0.36458635
1641,0.49434727,0.49705216
1642,0.61839396,0.5803348
1643,0.2899398,0.214804
1644,0.4763557,0.39010924
1645,0.60630184,0.4547257
1646,0.4962553,0.41938427
1647,0.6609026,0.5904272
1648,0.53593963,0.42023376
1649,0.5564756,0.4918892
1650,0.506927,0.523909
1651,0.43929362,0.4415879
1652,0.5795764,0.48042953
1653,0.6010169,0.58873856
1654,0.48377368,0.4611221
1655,0.42436224,0.3137562
1656,0.6167243,0.46406433
1657,0.5848591,0.4975787
1658,0.4413788,0.4309502
1659,0.24259306,0.22700447
1660,0.7643623,0.7892978
1661,0.6906648,0.549515
1662,0.6082181,0.55033463
1663,0.7784099,0.67233056
1664,0.4790759,0.28774142
1665,0.5679677,0.46275404
1666,0.6507334,0.61211073
1667,0.14480965,0.31321257
1668,0.581874,0.44026068
1669,0.48610896,0.46081218
1670,0.7398575,0.62738585
1671,0.47378352,0.58056575
1672,0.39358664,0.29119265
1673,0.5761491,0.5243548
1674,0.53205234,0.4689042
1675,0.82008946,0.7194408
1676,0.26338387,0.20456228
1677,0.4375717,0.40047818
1678,0.3526053,0.3249313
1679,0.73460305,0.68886113
1680,0.23367861,0.1916244
1681,0.45504993,0.42980418
1682,0.4926063,0.4285887
1683,0.63129735,0.4553441
1684,0.77912194,0.7174206
1685,0.6581508,0.5380656
1686,0.6066548,0.57694566
1687,0.6833763,0.5754523
1688,0.7266306,0.5502186
1689,0.58841425,0.60836405
1690,0.5207892,0.41192114
1691,0.40809277,0.3730434
1692,0.52981275,0.46985844
1693,0.5288013,0.44981918
1694,0.40134302,0.37066314
1695,0.5778088,0.5317502
1696,0.5765551,0.5247477
1697,0.417933,0.39230207
1698,0.61654806,0.5083168
1699,0.5294936,0.3948122
1700,0.47923213,0.4580367
1701,0.489423,0.47142896
1702,0.5763033,0.5155539
1703,0.45449573,0.45657167
1704,0.68853205,0.65688723
1705,0.46492818,0.40209305
1706,0.5167698,0.5085266
1707,0.94562286,0.92376596
1708,0.5932863,0.50447285
1709,0.23276755,0.28882694
1710,0.80022997,0.7085353
1711,0.33216244,0.26430893
1712,0.5095088,0.47264513
1713,0.64877164,0.68455374
1714,0.6176011,0.5789183
1715,0.28656277,0.2626692
1716,0.51449037,0.45470625
1717,0.3942727,0.34423363
1718,0.72083473,0.6401243
1719,0.6098595,0.5038691
1720,0.6199735,0.538732
1721,0.4631325,0.41927052
1722,0.3959208,0.25136745
1723,0.42632523,0.4138298
1724,0.6541624,0.57938975
1725,0.70020217,0.6223766
1726,0.47685927,0.38897553
1727,0.5121764,0.36342037
1728,0.71235925,0.40272906
1729,0.52590376,0.48119256
1730,0.76362115,0.66740817
1731,0.513545,0.50678945
1732,0.46288526,0.3521674
1733,0.4859164,0.4974738
1734,0.50401765,0.40514377
1735,0.3726364,0.34063593
1736,0.66029555,0.4428098
1737,0.5252979,0.45620134
1738,0.2740899,0.26920372
1739,0.4358228,0.41290614
1740,0.47223005,0.42714205
1741,0.6370151,0.61756897
1742,0.74181384,0.6895398
1743,0.45149776,0.41095397
1744,0.44914296,0.48744136
1745,0.8017614,0.68246853
1746,0.5639179,0.51107234
1747,0.6756013,0.6063
1748,0.4372376,0.48553994
1749,0.7719621,0.6660284
1750,0.6501452,0.5435646
1751,0.5734528,0.5703188
1752,0.32152736,0.23832583
1753,0.41182584,0.33722296
1754,0.7193183,0.6053671
1755,1.0711279,1.1078838
1756,0.42332968,0.37966958
1757,0.59155625,0.54024464
1758,0.7067033,0.6900748
1759,0.33122182,0.2358976
1760,0.51822656,0.487866
1761,0.44580713,0.32491127
1762,0.69033825,0.5504981
1763,0.47706887,0.4984254
1764,0.5763369,0.458573
1765,0.45565438,0.42349306
1766,0.38959187,0.29668584
1767,0.49897403,0.4895203
1768,0.5329972,0.56648505
1769,0.624422,0.57825655
1770,0.521244,0.44941485
1771,0.5224823,0.4870236
1772,0.92777926,1.0262829
1773,0.3346798,0.3510665
1774,0.54017943,0.43393013
1775,0.5587301,0.7510636
1776,0.53012735,0.5397628
1777,0.5867848,0.47920212
1778,0.5201681,0.48902977
1779,0.343412,0.33924916
1780,0.65793115,0.5635635
1781,0.8140066,0.72782314
1782,0.4967468,0.48136148
1783,0.68647784,0.5626145
1784,0.5878076,0.45895532
1785,0.52109426,0.48933405
1786,0.5570751,0.41405925
1787,0.44182166,0.33192426
1788,0.28144333,0.21574265
1789,0.5126144,0.5114039
1790,0.55770236,0.53561604
1791,0.6510269,0.5424363
1792,0.65488124,0.48633695
1793,0.5723033,0.56573987
1794,0.52610606,0.4679655
1795,0.57321763,0.53117806
1796,0.352483,0.25993687
1797,0.5686918,0.4628053
1798,0.80428094,0.68175864
1799,0.6806734,0.6066187
1800,0.63917506,0.5517571
1801,0.7852228,0.71585464
1802,0.62159574,0.49653763
1803,0.7089351,0.6247414
1804,0.46125406,0.44342807
1805,0.45166466,0.4738119
1806,0.57817024,0.47224554
1807,0.52473366,0.54530746
1808,0.41220897,0.2954405
1809,0.40293428,0.32609323
1810,0.54417825,0.48695275
1811,0.7074973,0.6505996
1812,0.47166467,0.4830713
1813,0.41362724,0.39901474
1814,0.28295478,0.10625664
1815,0.14746362,0.20369026
1816,0.62100035,0.5136055
1817,0.5121327,0.38157073
1818,0.5674798,0.50454444
1819,0.46391132,0.50563586
1820,0.45738572,0.3565009
1821,0.42800006,0.38841006
1822,0.52246344,0.43009618
1823,0.4971635,0.47681153
1824,0.007068444,0.0671087
1825,0.21876182,0.22065008
1826,0.58725935,0.47358355
1827,0.42058533,0.1684899
1828,0.3191426,0.36411622
1829,0.28348044,0.27728072
1830,0.79239607,0.6768006
1831,0.5535774,0.52729076
1832,0.8348288,0.64708054
1833,0.59278446,0.49436447
1834,0.3852227,0.3150467
1835,0.64294547,0.65039766
1836,0.632835,0.6474931
1837,0.6417726,0.59712076
1838,0.4773461,0.44254127
1839,0.5913128,0.52644783
1840,0.6558915,0.6290236
1841,0.49055576,0.4057803
1842,0.7292792,0.693224
1843,0.48642057,0.48918208
1844,0.4965868,0.45802304
1845,0.5506287,0.448262
1846,0.5845818,0.60778284
1847,0.47439072,0.44528902
1848,0.7125576,0.5997611
1849,0.38351253,0.3503345
1850,0.2168754,0.3332009
1851,0.5249466,0.45264325
1852,0.54677474,0.478717
1853,0.47115985,0.54787475
1854,0.45781544,0.5035277
1855,0.5257826,0.49760857
1856,0.5601577,0.5389726
1857,0.5878257,0.63661075
1858,0.5286141,0.40380105
1859,0.5970697,0.66966414
1860,0.47806725,0.29874808
1861,0.5303777,0.3537048
1862,0.2216817,0.14845383
1863,0.62592816,0.63369024
1864,0.7036162,0.6232087
1865,0.6498154,0.6307353
1866,0.61746985,0.5351986
1867,0.37106976,0.27274773
1868,0.34089658,0.31355593
1869,0.41934457,0.40642616
1870,0.538125,0.3490354
1871,0.7715201,0.676854
1872,0.25706232,0.22237322
1873,0.41403538,0.4716173
1874,0.51620585,0.46828333
1875,0.66571045,0.7059876
1876,0.5790718,0.504491
1877,0.70317847,0.6093867
1878,0.36070517,0.33026117
1879,0.44780043,0.44442442
1880,0.52617514,0.23061737
1881,0.49842253,0.44787243
1882,0.44398335,0.48981702
1883,0.6900988,0.6457902
1884,0.5113605,0.51845187
1885,0.7835645,0.65749294
1886,0.6726422,0.5467645
1887,0.5881085,0.55601025
1888,0.6298658,0.593372
1889,0.61169875,0.5522411
1890,0.6523124,0.5714858
1891,0.6367877,0.50230473
1892,0.614197,0.53263605
1893,0.35506722,0.43366668
1894,0.7553017,0.65619576
1895,0.48360905,0.38780132
1896,0.47512904,0.44990978
1897,0.5645991,0.48255485
1898,0.7991963,0.7846921
1899,0.22319454,0.21270612
1900,0.3310715,0.29832834
1901,0.6320462,0.61391944
1902,0.4007828,0.48326465
1903,0.6072935,0.543773
1904,0.59469646,0.53153837
1905,0.4854391,0.4253563
1906,0.2616421,0.19808728
1907,0.60026324,0.5968497
1908,0.58472896,0.530548
1909,0.38504454,0.40454653
1910,0.42915198,0.30887914
1911,0.617028,0.5199739
1912,0.6400756,0.5773585
1913,0.6146206,0.55774015
1914,0.5962717,0.5950835
1915,0.41231617,0.27993616
1916,0.7001148,0.62693906
1917,0.43022737,0.40507874
1918,0.34250554,0.39076105
1919,0.47053358,0.43493643
1920,0.59013337,0.53739685
1921,0.65044796,0.56762916
1922,0.23298535,0.18662949
1923,0.5727034,0.6285862
1924,0.55872554,0.5254481
1925,0.55307716,0.39703727
1926,0.21071327,0.1485306
1927,0.5309312,0.6453993
1928,0.40222573,0.45367292
1929,0.7691443,0.7290039
1930,0.69050294,0.5960543
1931,0.70743114,0.6090324
1932,0.18209141,0.051028796
1933,0.5925818,0.47472534
1934,0.4592404,0.44653562
1935,0.62004524,0.568298
1936,0.48730347,0.40448526
1937,0.5812672,0.5562421
1938,0.600454,0.63444245
1939,0.19322002,0.33697405
1940,0.5267591,0.53171796
1941,0.41552702,0.39484316
1942,0.5634277,0.44939408
1943,0.5468149,0.4732677
1944,0.5169524,0.42658573
1945,0.20977744,0.19053489
1946,0.6091618,0.42240706
1947,0.48769984,0.3800721
1948,0.49250022,0.43392256
1949,0.64986104,0.6297343
1950,0.5637997,0.4702336
1951,0.653354,0.55582786
1952,0.3941964,0.3287598
1953,0.66894203,0.69508016
1954,0.47682503,0.39588547
1955,0.43176207,0.44144657
1956,0.7208038,0.6372864
1957,0.36226687,0.31136924
1958,0.76112634,0.67685914
1959,0.66216403,0.54621464
1960,0.804523,0.83004427
1961,0.78197944,0.7901684
1962,0.47426578,0.40862164
1963,0.7457306,0.64862
1964,0.29878432,0.2870841
1965,0.444238,0.3703462
1966,0.4536397,0.3686494
1967,0.47577247,0.42802042
